<?xml version="1.0" encoding="UTF-8"?>
<archetype-descriptor xsi:schemaLocation="http://maven.apache.org/plugins/maven-archetype-plugin/archetype-descriptor/1.0.0 http://maven.apache.org/xsd/archetype-descriptor-1.0.0.xsd" name="oriental-ws"
    xmlns="http://maven.apache.org/plugins/maven-archetype-plugin/archetype-descriptor/1.0.0"
    xmlns:xsi="http://www.w3.org/2001/XMLSchema-instance">
  <requiredProperties>
  	<requiredProperty key="cometServiceNameLowerCase" >
  		<defaultValue>${artifactId}</defaultValue>
  	 </requiredProperty>
  	<requiredProperty key="cometServiceNameCapitalized" />
  	<requiredProperty key="groupId">
  		<defaultValue>com.oriental</defaultValue>
  	</requiredProperty>
  	<requiredProperty key="version">
  		<defaultValue>1.0.0-SNAPSHOT</defaultValue>
  	</requiredProperty>
  	<requiredProperty key="package">
  		<defaultValue>Not Used Hit Enter</defaultValue>
  	</requiredProperty>
  </requiredProperties>
  <fileSets>
    <fileSet filtered="true" encoding="UTF-8">
      <directory></directory>
      <includes>
        <include>**</include>
      </includes>
      <excludes>
      	<exclude>pom.xml</exclude>
      </excludes>
    </fileSet>
  </fileSets>
</archetype-descriptor>
